Title,Link,Content
A Light in the ...,catalogue/a-light-in-the-attic_1000/index.html,Â£51.77
Tipping the Velvet,catalogue/tipping-the-velvet_999/index.html,Â£53.74
Soumission,catalogue/soumission_998/index.html,Â£50.10
Sharp Objects,catalogue/sharp-objects_997/index.html,Â£47.82
Sapiens: A Brief History ...,catalogue/sapiens-a-brief-history-of-humankind_996/index.html,Â£54.23
The Requiem Red,catalogue/the-requiem-red_995/index.html,Â£22.65
The Dirty Little Secrets ...,catalogue/the-dirty-little-secrets-of-getting-your-dream-job_994/index.html,Â£33.34
The Coming Woman: A ...,catalogue/the-coming-woman-a-novel-based-on-the-life-of-the-infamous-feminist-victoria-woodhull_993/index.html,Â£17.93
The Boys in the ...,catalogue/the-boys-in-the-boat-nine-americans-and-their-epic-quest-for-gold-at-the-1936-berlin-olympics_992/index.html,Â£22.60
The Black Maria,catalogue/the-black-maria_991/index.html,Â£52.15
Starving Hearts (Triangular Trade ...,catalogue/starving-hearts-triangular-trade-trilogy-1_990/index.html,Â£13.99
Shakespeare's Sonnets,catalogue/shakespeares-sonnets_989/index.html,Â£20.66
Set Me Free,catalogue/set-me-free_988/index.html,Â£17.46
Scott Pilgrim's Precious Little ...,catalogue/scott-pilgrims-precious-little-life-scott-pilgrim-1_987/index.html,Â£52.29
Rip it Up and ...,catalogue/rip-it-up-and-start-again_986/index.html,Â£35.02
Our Band Could Be ...,catalogue/our-band-could-be-your-life-scenes-from-the-american-indie-underground-1981-1991_985/index.html,Â£57.25
Olio,catalogue/olio_984/index.html,Â£23.88
Mesaerion: The Best Science ...,catalogue/mesaerion-the-best-science-fiction-stories-1800-1849_983/index.html,Â£37.59
Libertarianism for Beginners,catalogue/libertarianism-for-beginners_982/index.html,Â£51.33
It's Only the Himalayas,catalogue/its-only-the-himalayas_981/index.html,Â£45.17
In Her Wake,in-her-wake_980/index.html,Â£12.84
How Music Works,how-music-works_979/index.html,Â£37.32
Foolproof Preserving: A Guide ...,foolproof-preserving-a-guide-to-small-batch-jams-jellies-pickles-condiments-and-more-a-foolproof-guide-to-making-small-batch-jams-jellies-pickles-condiments-and-more_978/index.html,Â£30.52
Chase Me (Paris Nights ...,chase-me-paris-nights-2_977/index.html,Â£25.27
Black Dust,black-dust_976/index.html,Â£34.53
Birdsong: A Story in ...,birdsong-a-story-in-pictures_975/index.html,Â£54.64
America's Cradle of Quarterbacks: ...,americas-cradle-of-quarterbacks-western-pennsylvanias-football-factory-from-johnny-unitas-to-joe-montana_974/index.html,Â£22.50
Aladdin and His Wonderful ...,aladdin-and-his-wonderful-lamp_973/index.html,Â£53.13
Worlds Elsewhere: Journeys Around ...,worlds-elsewhere-journeys-around-shakespeares-globe_972/index.html,Â£40.30
Wall and Piece,wall-and-piece_971/index.html,Â£44.18
The Four Agreements: A ...,the-four-agreements-a-practical-guide-to-personal-freedom_970/index.html,Â£17.66
The Five Love Languages: ...,the-five-love-languages-how-to-express-heartfelt-commitment-to-your-mate_969/index.html,Â£31.05
The Elephant Tree,the-elephant-tree_968/index.html,Â£23.82
The Bear and the ...,the-bear-and-the-piano_967/index.html,Â£36.89
Sophie's World,sophies-world_966/index.html,Â£15.94
Penny Maybe,penny-maybe_965/index.html,Â£33.29
Maude (1883-1993):She Grew Up ...,maude-1883-1993she-grew-up-with-the-country_964/index.html,Â£18.02
"In a Dark, Dark ...",in-a-dark-dark-wood_963/index.html,Â£19.63
Behind Closed Doors,behind-closed-doors_962/index.html,Â£52.22
You can't bury them ...,you-cant-bury-them-all-poems_961/index.html,Â£33.63
